project_id,title,track,reviews,raw_score,adjusted_score,raw_rank,adjusted_rank,duplicate_of
prj_01,Glass Signal,Security,3,3.444444444,3.473941799,4,4,
prj_02,Small Meadow,Accessibility,3,3.555555556,3.477204586,1,2,
prj_03,Deep Compass,Accessibility,3,3.333333333,3.292195767,4,5,
prj_04,Green Switch,Education,3,3.777777778,3.666358025,2,2,
prj_05,North Compass,Data and analytics,3,2.888888889,2.925682261,6,6,
prj_06,Dry Compass,Developer tools,3,3.111111111,3.108796296,5,5,
prj_07,Dry Harbour,Accessibility,5,3.333333333,3.360354497,4,4,
prj_08,North Drift,Security,5,3.800000000,3.771190476,2,2,
prj_09,Hollow Signal,Health,3,3.555555556,3.564814815,2,2,
prj_10,Still Beacon,Open hardware,2,4.166666667,4.052941176,2,2,
prj_11,Salt Ledger,Data and analytics,4,4.333333333,4.322002924,1,1,
prj_12,Open Beacon,Education,3,3.444444444,3.525396825,4,4,
prj_13,Quiet Anchor,Climate,3,3.333333333,3.342712843,2,2,
prj_14,Green Lantern,Education,5,3.400000000,3.400238095,5,5,
prj_15,Copper Orbit,Security,2,3.666666667,3.672619048,3,3,
prj_16,Salt Kiln,Security,3,4.000000000,3.986111111,1,1,
prj_17,Small Loom,Health,3,3.555555556,3.564814815,2,2,
prj_18,Open Kiln,Education,2,3.500000000,3.542129630,3,3,
prj_19,Small Relay,Health,2,3.666666667,3.583333333,1,1,
prj_20,Paper Thread,Open hardware,3,3.222222222,3.230646333,5,5,
prj_21,Copper Kiln,Data and analytics,3,3.888888889,3.925682261,3,3,
prj_22,Dry Bridge,Security,3,3.111111111,3.150132275,5,5,
prj_23,Slow Quarry,Open hardware,3,2.888888889,2.897312999,6,6,
prj_24,Glass Beacon,Accessibility,2,3.500000000,3.529894180,2,1,
prj_25,Dry Relay,Data and analytics,3,4.111111111,4.147904483,2,2,
prj_26,Amber Hours,Climate,3,3.222222222,3.231601732,3,3,
prj_27,Flat Thread,Open hardware,3,3.444444444,3.452868555,4,4,
prj_28,Flat Meadow,Data and analytics,3,3.444444444,3.372807018,5,5,
prj_29,Flat Relay,Developer tools,2,3.333333333,3.356481481,4,4,
prj_30,Paper Harbour,Education,3,3.111111111,3.192063492,6,6,
prj_31,Salt Ferry,Developer tools,3,3.555555556,3.553240741,2,2,
prj_32,Loud Ledger,Developer tools,3,3.444444444,3.442129630,3,3,
prj_33,Slow Trail,Developer tools,3,4.000000000,3.997685185,1,1,
prj_34,Iron Switch,Open hardware,3,4.333333333,4.341757444,1,1,
prj_35,Warm Beacon,Climate,5,3.466666667,3.464415584,1,1,
prj_36,Salt Drift,Open hardware,3,3.666666667,3.675090777,3,3,
prj_37,Salt Loom,Education,4,4.083333333,4.022916667,1,1,
prj_38,Deep Beacon,Data and analytics,3,3.777777778,3.814571150,4,4,
prj_39,Paper Anchor,Accessibility,2,3.500000000,3.363425926,2,3,
prj_40,Slow Loom,Developer tools,2,3.000000000,3.004629630,6,6,
prj_41,Dry Harbour,Accessibility,0,,,,,prj_07
